SiteID,Start hour,Final hour,Minutes connected,Uplink VolumeUsage(bits),Downlink VolumeUsage(bits)
BAMDIG001,10/15/2021 18:50,10/15/2021 19:50,0,0,0
CADI0002,10/15/2021 18:50,10/15/2021 19:50,0,0,0
CADI0003,10/15/2021 18:50,10/15/2021 19:50,0,0,0
CADI0004,10/15/2021 18:50,10/15/2021 19:50,0,0,0
CADI0005,10/15/2021 18:50,10/15/2021 19:50,0,0,0
CADI0006,10/15/2021 18:50,10/15/2021 19:50,0,0,0
CADI0007,10/15/2021 18:50,10/15/2021 19:50,0,0,0
CADI0008,10/15/2021 18:50,10/15/2021 19:50,0,0,0
CADI0009,10/15/2021 18:50,10/15/2021 19:50,0,0,0
CADI0010,10/15/2021 18:50,10/15/2021 19:50,0,0,0
CADI0014,10/15/2021 18:50,10/15/2021 19:50,0,0,0
CADI0015,10/15/2021 18:50,10/15/2021 19:50,0,0,0
CBOSTEST,10/15/2021 18:50,10/15/2021 19:50,0,0,0
COCOIFX10074659V,10/15/2021 18:50,10/15/2021 19:50,59,629213952,11726705168
COCOIFX10074660V,10/15/2021 18:50,10/15/2021 19:50,0,0,0
COCOIFX10075306V,10/15/2021 18:50,10/15/2021 19:50,0,0,0
COCOSIM10070442V,10/15/2021 18:50,10/15/2021 19:50,0,0,0
COCOSIM10070443V,10/15/2021 18:50,10/15/2021 19:50,0,0,0
COEE0009J,10/15/2021 18:50,10/15/2021 19:50,21,1894168,1694464
COEE0062J,10/15/2021 18:50,10/15/2021 19:50,60,313832,431728
COEE0092J,10/15/2021 18:50,10/15/2021 19:50,54,199624,238432
COEE0102J,10/15/2021 18:50,10/15/2021 19:50,60,15157744,1804984
COEE0108J,10/15/2021 18:50,10/15/2021 19:50,60,1571456,853736
COEE0113J,10/15/2021 18:50,10/15/2021 19:50,60,158904,155488
COEE0117J,10/15/2021 18:50,10/15/2021 19:50,60,94096,133624
COEE0376J,10/15/2021 18:50,10/15/2021 19:50,60,13476936,1094840
COEE0387J,10/15/2021 18:50,10/15/2021 19:50,60,1165384,1029824
COEE0402J,10/15/2021 18:50,10/15/2021 19:50,60,11176312,2223600
COEE0405J,10/15/2021 18:50,10/15/2021 19:50,0,0,0
COEE0410J,10/15/2021 18:50,10/15/2021 19:50,60,130176,148464
COEE0423J,10/15/2021 18:50,10/15/2021 19:50,60,16193704,1568992
COENP001,10/15/2021 18:50,10/15/2021 19:50,0,0,0
COENP002,10/15/2021 18:50,10/15/2021 19:50,0,0,0
COENP003,10/15/2021 18:50,10/15/2021 19:50,0,0,0
COEP0071J,10/15/2021 18:50,10/15/2021 19:50,0,0,0
COEP0083J,10/15/2021 18:50,10/15/2021 19:50,60,5182296,5191128
COEP0085J,10/15/2021 18:50,10/15/2021 19:50,41,24128,24592
COEP0124J,10/15/2021 18:50,10/15/2021 19:50,60,1832904,523248
COIFXCALE01,10/15/2021 18:50,10/15/2021 19:50,60,56411384,991855640
COIFXCLAN02,10/15/2021 18:50,10/15/2021 19:50,0,0,0
COIMOVIL01,10/15/2021 18:50,10/15/2021 19:50,31,10585272,262405504
COIMOVIL03,10/15/2021 18:50,10/15/2021 19:50,0,0,0
COSIMS0001,10/15/2021 18:50,10/15/2021 19:50,60,70577616,565331464
COUSP004,10/15/2021 18:50,10/15/2021 19:50,60,740312,1442400
COUSP005,10/15/2021 18:50,10/15/2021 19:50,0,0,0
COUSP006,10/15/2021 18:50,10/15/2021 19:50,0,0,0
COUSP008,10/15/2021 18:50,10/15/2021 19:50,44,451792,660816
COUSP020,10/15/2021 18:50,10/15/2021 19:50,60,10597896,59201880
CRCRRAD10082234V,10/15/2021 18:50,10/15/2021 19:50,0,0,0
CRENT002,10/15/2021 18:50,10/15/2021 19:50,0,0,0
CRENT003,10/15/2021 18:50,10/15/2021 19:50,60,736213992,3441954128
CRENT004,10/15/2021 18:50,10/15/2021 19:50,0,0,0
CRTSEMOVIL,10/15/2021 18:50,10/15/2021 19:50,0,0,0
EPSOMED1011,10/15/2021 18:50,10/15/2021 19:50,0,0,0
EPSOMED1012,10/15/2021 18:50,10/15/2021 19:50,0,0,0
EPSOMED1013,10/15/2021 18:50,10/15/2021 19:50,36,24960,25440
EPSOMED1014,10/15/2021 18:50,10/15/2021 19:50,0,0,0
EPSOMED1015,10/15/2021 18:50,10/15/2021 19:50,38,24960,25440
GCNTEST01,10/15/2021 18:50,10/15/2021 19:50,34,20800,21200
GRECLA001,10/15/2021 18:50,10/15/2021 19:50,60,24960,106080
GRENAP009,10/15/2021 18:50,10/15/2021 19:50,0,0,0
GRENAP010,10/15/2021 18:50,10/15/2021 19:50,0,0,0
GRETIG001,10/15/2021 18:50,10/15/2021 19:50,0,0,0
GRETIG002,10/15/2021 18:50,10/15/2021 19:50,0,0,0
GRETIG003,10/15/2021 18:50,10/15/2021 19:50,0,0,0
GRETIG004,10/15/2021 18:50,10/15/2021 19:50,0,0,0
GRETIG005,10/15/2021 18:50,10/15/2021 19:50,0,0,0
GRETIG006,10/15/2021 18:50,10/15/2021 19:50,22,68896,202952
GRETIG007,10/15/2021 18:50,10/15/2021 19:50,34,20800,21200
GRETIG008,10/15/2021 18:50,10/15/2021 19:50,28,28992,35720
GRETIG009,10/15/2021 18:50,10/15/2021 19:50,0,0,0
GRETIG010,10/15/2021 18:50,10/15/2021 19:50,50,1141312,21200
GRETIG011,10/15/2021 18:50,10/15/2021 19:50,0,0,0
GRETIG012,10/15/2021 18:50,10/15/2021 19:50,35,24960,25440
GRETIG013,10/15/2021 18:50,10/15/2021 19:50,0,0,0
GRETIG016,10/15/2021 18:50,10/15/2021 19:50,0,0,0
GRETIG017,10/15/2021 18:50,10/15/2021 19:50,0,0,0
GRETIG018,10/15/2021 18:50,10/15/2021 19:50,0,0,0
GRETIG019,10/15/2021 18:50,10/15/2021 19:50,0,0,0
GRETIG020,10/15/2021 18:50,10/15/2021 19:50,0,0,0
GRETIG021,10/15/2021 18:50,10/15/2021 19:50,0,0,0
GRETIG022,10/15/2021 18:50,10/15/2021 19:50,0,0,0
GTESTEC,10/15/2021 18:50,10/15/2021 19:50,35,24960,25440
GTGQ0007,10/15/2021 18:50,10/15/2021 19:50,0,0,0
GTGQ0008,10/15/2021 18:50,10/15/2021 19:50,60,719648,1389816
GTGQ0009,10/15/2021 18:50,10/15/2021 19:50,60,752128,1510200
GTGQ0010,10/15/2021 18:50,10/15/2021 19:50,53,24544,25016
GTGQ0011,10/15/2021 18:50,10/15/2021 19:50,0,0,0
GTGQ0012,10/15/2021 18:50,10/15/2021 19:50,0,0,0
GTGQ0013,10/15/2021 18:50,10/15/2021 19:50,60,695530024,2222033664
GTGT00220124,10/15/2021 18:50,10/15/2021 19:50,60,1393600,917296
GTGT00220129,10/15/2021 18:50,10/15/2021 19:50,0,0,0
GTGT00220156,10/15/2021 18:50,10/15/2021 19:50,60,590624,541144
GTGT00220161,10/15/2021 18:50,10/15/2021 19:50,60,838360,642400
GTGT00220162,10/15/2021 18:50,10/15/2021 19:50,60,281680,338640
GTGT00220163,10/15/2021 18:50,10/15/2021 19:50,60,548784,641080
GTGT00220164,10/15/2021 18:50,10/15/2021 19:50,60,460888,502656
GTGT00220169,10/15/2021 18:50,10/15/2021 19:50,60,3888072,5276296
GTGT00220170,10/15/2021 18:50,10/15/2021 19:50,60,330976,312512
GTGT00220172,10/15/2021 18:50,10/15/2021 19:50,60,1268104,912808
GTGT00220182,10/15/2021 18:50,10/15/2021 19:50,60,1503480,1326216
GTGT00220192,10/15/2021 18:50,10/15/2021 19:50,60,478688,598672
GTGT00270072,10/15/2021 18:50,10/15/2021 19:50,60,1366824,1055344
GTGT00300018,10/15/2021 18:50,10/15/2021 19:50,0,0,0
GTGT02350001,10/15/2021 18:50,10/15/2021 19:50,60,1935456,1765952
GTGT03730003,10/15/2021 18:50,10/15/2021 19:50,0,0,0
GTGT03810001,10/15/2021 18:50,10/15/2021 19:50,60,3301296,1826224
GTGT03850001,10/15/2021 18:50,10/15/2021 19:50,60,6842864,1814408
GTGT03900001,10/15/2021 18:50,10/15/2021 19:50,60,329416,248552
GTGT03930001,10/15/2021 18:50,10/15/2021 19:50,60,4227616,1324104
GTGT03980001,10/15/2021 18:50,10/15/2021 19:50,40,57536,62032
GTGT04000001,10/15/2021 18:50,10/15/2021 19:50,26,100840,260600
GTGT04020001,10/15/2021 18:50,10/15/2021 19:50,60,125488,333688
GTGT04030001,10/15/2021 18:50,10/15/2021 19:50,60,898768,1112640
GTGTENE10012890V,10/15/2021 18:50,10/15/2021 19:50,60,41576,51456
GTGTNAV10067504V,10/15/2021 18:50,10/15/2021 19:50,0,0,0
GTGTNAV10075798V,10/15/2021 18:50,10/15/2021 19:50,0,0,0
GTGTNAV10076794V,10/15/2021 18:50,10/15/2021 19:50,50,30994496,12206024
GTGTNAV10080168V,10/15/2021 18:50,10/15/2021 19:50,6,208616,37808
GTGTTEL10077201V,10/15/2021 18:50,10/15/2021 19:50,53,240064,133936
GTGTTEL10077202V,10/15/2021 18:50,10/15/2021 19:50,35,30368,30952
GTGTTEL10077203V,10/15/2021 18:50,10/15/2021 19:50,0,0,0
GTGTTEL10077204V,10/15/2021 18:50,10/15/2021 19:50,0,0,0
GTGTTEL10077205V,10/15/2021 18:50,10/15/2021 19:50,60,4877568,6773408
GTGTTEL10077206V,10/15/2021 18:50,10/15/2021 19:50,60,6378560,7229920
GTGTTEL10077207V,10/15/2021 18:50,10/15/2021 19:50,0,0,0
GTGTTEL10077208V,10/15/2021 18:50,10/15/2021 19:50,0,0,0
GTGTTEL10077209V,10/15/2021 18:50,10/15/2021 19:50,0,0,0
GTGTTEL10077210V,10/15/2021 18:50,10/15/2021 19:50,0,0,0
GTGTTEL10077211V,10/15/2021 18:50,10/15/2021 19:50,0,0,0
GTGTTEL10077212V,10/15/2021 18:50,10/15/2021 19:50,49,1343520,9037440
GTGTTEL10077213V,10/15/2021 18:50,10/15/2021 19:50,0,0,0
GTGTTEL10077214V,10/15/2021 18:50,10/15/2021 19:50,0,0,0
GTGTTEL10077215V,10/15/2021 18:50,10/15/2021 19:50,53,3684008,7369728
GTGTTEL10077216V,10/15/2021 18:50,10/15/2021 19:50,0,0,0
GTGTTEL10077217V,10/15/2021 18:50,10/15/2021 19:50,0,0,0
GTGTTEL10077218V,10/15/2021 18:50,10/15/2021 19:50,0,0,0
GTGTTEL10077219V,10/15/2021 18:50,10/15/2021 19:50,0,0,0
GTGTTEL10077220V,10/15/2021 18:50,10/15/2021 19:50,0,0,0
GTGTTEL10077221V,10/15/2021 18:50,10/15/2021 19:50,0,0,0
GTGTTEL10077222V,10/15/2021 18:50,10/15/2021 19:50,0,0,0
GTGTTEL10077223V,10/15/2021 18:50,10/15/2021 19:50,0,0,0
GTGTTEL10077224V,10/15/2021 18:50,10/15/2021 19:50,0,0,0
GTGTTEL10077225V,10/15/2021 18:50,10/15/2021 19:50,0,0,0
GTGTTEL10077226V,10/15/2021 18:50,10/15/2021 19:50,0,0,0
GTGTTEL10077227V,10/15/2021 18:50,10/15/2021 19:50,0,0,0
GTGTTEL10077228V,10/15/2021 18:50,10/15/2021 19:50,0,0,0
GTGTTEL10077229V,10/15/2021 18:50,10/15/2021 19:50,0,0,0
GTGTTEL10077230V,10/15/2021 18:50,10/15/2021 19:50,0,0,0
GTGTTEL10077231V,10/15/2021 18:50,10/15/2021 19:50,60,24960,12325280
GTGTTEL10077232V,10/15/2021 18:50,10/15/2021 19:50,0,0,0
GTGTTEL10077233V,10/15/2021 18:50,10/15/2021 19:50,0,0,0
GTGTTEL10077234V,10/15/2021 18:50,10/15/2021 19:50,60,156402896,2440436992
GTGTTEL10077235V,10/15/2021 18:50,10/15/2021 19:50,27,2057648,80934344
GTGTTEL10077236V,10/15/2021 18:50,10/15/2021 19:50,48,15219656,15857864
GTGTTEL10077237V,10/15/2021 18:50,10/15/2021 19:50,47,12213816,4406768
GTGTTEL10077238V,10/15/2021 18:50,10/15/2021 19:50,24,62424,39248
GTGTTEL10077239V,10/15/2021 18:50,10/15/2021 19:50,0,0,0
GTGTTEL10077240V,10/15/2021 18:50,10/15/2021 19:50,60,81055104,520930928
GTGTTEL10077241V,10/15/2021 18:50,10/15/2021 19:50,49,143824,581456
GTGTTEL10077242V,10/15/2021 18:50,10/15/2021 19:50,41,24128,24592
GTGTTEL10077243V,10/15/2021 18:50,10/15/2021 19:50,35,24960,25440
GTGTTEL10077244V,10/15/2021 18:50,10/15/2021 19:50,43,4181792,5399216
GTGTTEL10077245V,10/15/2021 18:50,10/15/2021 19:50,60,4086488,101656
GTGTTEL10077246V,10/15/2021 18:50,10/15/2021 19:50,42,5933872,3707816
GTGTTEL10077247V,10/15/2021 18:50,10/15/2021 19:50,43,1006520,381848
GTGTTEL10077248V,10/15/2021 18:50,10/15/2021 19:50,49,6764384,30955576
GTGTTEL10077249V,10/15/2021 18:50,10/15/2021 19:50,0,0,0
GTGTTEL10077250V,10/15/2021 18:50,10/15/2021 19:50,0,0,0
GTGTTEL10077251V,10/15/2021 18:50,10/15/2021 19:50,36,3265240,1457440
GTGTTEL10077252V,10/15/2021 18:50,10/15/2021 19:50,48,24448744,1628652952
GTGTTEL10077253V,10/15/2021 18:50,10/15/2021 19:50,0,0,0
GTGTTEL10077254V,10/15/2021 18:50,10/15/2021 19:50,0,0,0
GTGTTEL10077255V,10/15/2021 18:50,10/15/2021 19:50,0,0,0
GTGTTEL10077256V,10/15/2021 18:50,10/15/2021 19:50,0,0,0
GTGTTEL10077257V,10/15/2021 18:50,10/15/2021 19:50,48,15179384,18433904
GTGTTEL10077258V,10/15/2021 18:50,10/15/2021 19:50,43,1509104,1860864
GTGTTEL10077259V,10/15/2021 18:50,10/15/2021 19:50,43,24960,25440
GTGTTEL10077260V,10/15/2021 18:50,10/15/2021 19:50,57,38369376,1561669552
GTGTTEL10077261V,10/15/2021 18:50,10/15/2021 19:50,0,0,0
GTGTTEL10077262V,10/15/2021 18:50,10/15/2021 19:50,60,155059784,4118191192
GTGTTEL10077263V,10/15/2021 18:50,10/15/2021 19:50,58,30607488,407541400
GTGTTEL10077264V,10/15/2021 18:50,10/15/2021 19:50,60,8479424,295795592
GTGTTEL10077265V,10/15/2021 18:50,10/15/2021 19:50,0,0,0
GTGTTEL10077266V,10/15/2021 18:50,10/15/2021 19:50,60,64181312,2232344080
GTGTTEL10077267V,10/15/2021 18:50,10/15/2021 19:50,42,106752,63264
GTGTTEL10077268V,10/15/2021 18:50,10/15/2021 19:50,43,145184,73320
GTGTTEL10077269V,10/15/2021 18:50,10/15/2021 19:50,60,161324832,5984543312
GTGTTEL10077270V,10/15/2021 18:50,10/15/2021 19:50,0,0,0
GTGTTEL10077271V,10/15/2021 18:50,10/15/2021 19:50,60,49989632,1366396872
GTGTTEL10077272V,10/15/2021 18:50,10/15/2021 19:50,0,0,0
GTGTTEL10077273V,10/15/2021 18:50,10/15/2021 19:50,60,129890688,2491032896
GTGTTEL10077274V,10/15/2021 18:50,10/15/2021 19:50,0,0,0
GTGTTEL10077275V,10/15/2021 18:50,10/15/2021 19:50,23,1811992,121096400
GTGTTEL10077276V,10/15/2021 18:50,10/15/2021 19:50,0,0,0
GTGTTEL10077277V,10/15/2021 18:50,10/15/2021 19:50,0,0,0
GTHOT100,10/15/2021 18:50,10/15/2021 19:50,0,0,0
GTHOT101,10/15/2021 18:50,10/15/2021 19:50,0,0,0
GTIN0011,10/15/2021 18:50,10/15/2021 19:50,0,0,0
GTMIN001,10/15/2021 18:50,10/15/2021 19:50,0,0,0
GTMIN002,10/15/2021 18:50,10/15/2021 19:50,0,0,0
GTMIN003,10/15/2021 18:50,10/15/2021 19:50,0,0,0
GTMIN004,10/15/2021 18:50,10/15/2021 19:50,0,0,0
GTMIN005,10/15/2021 18:50,10/15/2021 19:50,0,0,0
GTMIN006,10/15/2021 18:50,10/15/2021 19:50,0,0,0
GTTELNOR,10/15/2021 18:50,10/15/2021 19:50,0,0,0
GTUF0001,10/15/2021 18:50,10/15/2021 19:50,54,24960,25440
GU000218,10/15/2021 18:50,10/15/2021 19:50,60,1138752,3079696
GUUG0225J,10/15/2021 18:50,10/15/2021 19:50,60,1619528,1059136
HNHNTMG10041315V,10/15/2021 18:50,10/15/2021 19:50,0,0,0
HNHNTMG10041496V,10/15/2021 18:50,10/15/2021 19:50,60,17535712,11081184
HNTM005,10/15/2021 18:50,10/15/2021 19:50,0,0,0
HNTM006,10/15/2021 18:50,10/15/2021 19:50,0,0,0
HNTM008,10/15/2021 18:50,10/15/2021 19:50,0,0,0
HNTM009,10/15/2021 18:50,10/15/2021 19:50,32,386176,507248
HNTM010,10/15/2021 18:50,10/15/2021 19:50,0,0,0
MEDUCA000,10/15/2021 18:50,10/15/2021 19:50,0,0,0
MEDUCA001,10/15/2021 18:50,10/15/2021 19:50,0,0,0
MEDUCA002,10/15/2021 18:50,10/15/2021 19:50,0,0,0
MEDUCA003,10/15/2021 18:50,10/15/2021 19:50,0,0,0
MEDUCA008,10/15/2021 18:50,10/15/2021 19:50,0,0,0
MEDUCA009,10/15/2021 18:50,10/15/2021 19:50,60,92888056,2684447920
MEDUCA010,10/15/2021 18:50,10/15/2021 19:50,0,0,0
MEDUCA011,10/15/2021 18:50,10/15/2021 19:50,0,0,0
MEDUCA014,10/15/2021 18:50,10/15/2021 19:50,28,101592,173816
MEDUCA015,10/15/2021 18:50,10/15/2021 19:50,0,0,0
MEDUCA016,10/15/2021 18:50,10/15/2021 19:50,0,0,0
MEDUCA017,10/15/2021 18:50,10/15/2021 19:50,0,0,0
MEDUCA019,10/15/2021 18:50,10/15/2021 19:50,60,96096,25440
MEDUCA020,10/15/2021 18:50,10/15/2021 19:50,0,0,0
MEDUCA024,10/15/2021 18:50,10/15/2021 19:50,0,0,0
MEDUCA029,10/15/2021 18:50,10/15/2021 19:50,0,0,0
MEDUCA030,10/15/2021 18:50,10/15/2021 19:50,0,0,0
MEDUCA031,10/15/2021 18:50,10/15/2021 19:50,0,0,0
MEDUCA032,10/15/2021 18:50,10/15/2021 19:50,0,0,0
MEDUCA033,10/15/2021 18:50,10/15/2021 19:50,0,0,0
MEDUCA034,10/15/2021 18:50,10/15/2021 19:50,0,0,0
MEDUCA035,10/15/2021 18:50,10/15/2021 19:50,0,0,0
MEDUCA036,10/15/2021 18:50,10/15/2021 19:50,0,0,0
MEDUCA037,10/15/2021 18:50,10/15/2021 19:50,18,57064,341192
MEDUCA038,10/15/2021 18:50,10/15/2021 19:50,0,0,0
MEDUCA039,10/15/2021 18:50,10/15/2021 19:50,0,0,0
MEDUCA040,10/15/2021 18:50,10/15/2021 19:50,0,0,0
MEDUCA043,10/15/2021 18:50,10/15/2021 19:50,60,261736664,3768025344
MEDUCA044,10/15/2021 18:50,10/15/2021 19:50,0,0,0
MEDUCA045,10/15/2021 18:50,10/15/2021 19:50,0,0,0
MEDUCA046,10/15/2021 18:50,10/15/2021 19:50,0,0,0
MEDUCA047,10/15/2021 18:50,10/15/2021 19:50,36,24960,25440
MEDUCA048,10/15/2021 18:50,10/15/2021 19:50,0,0,0
MEDUCA050,10/15/2021 18:50,10/15/2021 19:50,0,0,0
MEDUCA052,10/15/2021 18:50,10/15/2021 19:50,36,24960,25440
MEDUCA053,10/15/2021 18:50,10/15/2021 19:50,36,35744,26656
MEDUCA055,10/15/2021 18:50,10/15/2021 19:50,0,0,0
MEDUCA056,10/15/2021 18:50,10/15/2021 19:50,15,84944,286976
MEDUCA057,10/15/2021 18:50,10/15/2021 19:50,0,0,0
MEDUCA059,10/15/2021 18:50,10/15/2021 19:50,0,0,0
MEDUCA060,10/15/2021 18:50,10/15/2021 19:50,0,0,0
MEDUCA061,10/15/2021 18:50,10/15/2021 19:50,0,0,0
MEDUCA062,10/15/2021 18:50,10/15/2021 19:50,0,0,0
MEDUCA063,10/15/2021 18:50,10/15/2021 19:50,0,0,0
MEDUCA064,10/15/2021 18:50,10/15/2021 19:50,0,0,0
MEDUCA065,10/15/2021 18:50,10/15/2021 19:50,33,24960,25440
MEDUCA066,10/15/2021 18:50,10/15/2021 19:50,44,35744,26656
MEDUCA069,10/15/2021 18:50,10/15/2021 19:50,32,44064,47112
MEDUCA071,10/15/2021 18:50,10/15/2021 19:50,0,0,0
MEDUCA072,10/15/2021 18:50,10/15/2021 19:50,0,0,0
MEDUCA073,10/15/2021 18:50,10/15/2021 19:50,0,0,0
MEDUCA074,10/15/2021 18:50,10/15/2021 19:50,36,34400,40024
MEDUCA075,10/15/2021 18:50,10/15/2021 19:50,40,37728,46432
MEDUCA076,10/15/2021 18:50,10/15/2021 19:50,0,0,0
MEDUCA077,10/15/2021 18:50,10/15/2021 19:50,0,0,0
MEDUCA078,10/15/2021 18:50,10/15/2021 19:50,29,33568,52648
MEDUCA079,10/15/2021 18:50,10/15/2021 19:50,0,0,0
MEDUCA080,10/15/2021 18:50,10/15/2021 19:50,60,24960,24615872
MEDUCA081,10/15/2021 18:50,10/15/2021 19:50,46,828840,1058696
MEDUCA082,10/15/2021 18:50,10/15/2021 19:50,0,0,0
MEDUCA083,10/15/2021 18:50,10/15/2021 19:50,0,0,0
MEDUCA084,10/15/2021 18:50,10/15/2021 19:50,0,0,0
MEDUCA085,10/15/2021 18:50,10/15/2021 19:50,0,0,0
MEDUCA086,10/15/2021 18:50,10/15/2021 19:50,0,0,0
MEDUCA087,10/15/2021 18:50,10/15/2021 19:50,52,749968,5087744
MEDUCA088,10/15/2021 18:50,10/15/2021 19:50,0,0,0
MEDUCA089,10/15/2021 18:50,10/15/2021 19:50,0,0,0
MEDUCA094,10/15/2021 18:50,10/15/2021 19:50,0,0,0
MEDUCA095,10/15/2021 18:50,10/15/2021 19:50,37,24960,25440
MEDUCA096,10/15/2021 18:50,10/15/2021 19:50,0,0,0
MEDUCA097,10/15/2021 18:50,10/15/2021 19:50,0,0,0
MEDUCA100,10/15/2021 18:50,10/15/2021 19:50,43,25568,26048
MEDUCA101,10/15/2021 18:50,10/15/2021 19:50,0,0,0
MEDUCA102,10/15/2021 18:50,10/15/2021 19:50,0,0,0
MEDUCA103,10/15/2021 18:50,10/15/2021 19:50,40,71546704,683525984
MEDUCA105,10/15/2021 18:50,10/15/2021 19:50,0,0,0
MEDUCA106,10/15/2021 18:50,10/15/2021 19:50,0,0,0
MEDUCA108,10/15/2021 18:50,10/15/2021 19:50,0,0,0
MEDUCA109,10/15/2021 18:50,10/15/2021 19:50,0,0,0
MEDUCA117,10/15/2021 18:50,10/15/2021 19:50,43,25792,26288
MEDUCA118,10/15/2021 18:50,10/15/2021 19:50,0,0,0
MEDUCA119,10/15/2021 18:50,10/15/2021 19:50,0,0,0
MEDUCA121,10/15/2021 18:50,10/15/2021 19:50,60,491063048,4436016104
MEDUCA122,10/15/2021 18:50,10/15/2021 19:50,0,0,0
MEDUCA123,10/15/2021 18:50,10/15/2021 19:50,25,142170520,625826896
MEDUCA124,10/15/2021 18:50,10/15/2021 19:50,0,0,0
MEDUCA126,10/15/2021 18:50,10/15/2021 19:50,0,0,0
MEDUCA127,10/15/2021 18:50,10/15/2021 19:50,37,24960,25440
MEDUCA129,10/15/2021 18:50,10/15/2021 19:50,48,24960,25440
MEDUCA130,10/15/2021 18:50,10/15/2021 19:50,36,41504,29696
MEDUCA131,10/15/2021 18:50,10/15/2021 19:50,0,0,0
MEDUCA132,10/15/2021 18:50,10/15/2021 19:50,0,0,0
MEDUCA133,10/15/2021 18:50,10/15/2021 19:50,0,0,0
MEDUCA134,10/15/2021 18:50,10/15/2021 19:50,58,6993264,66844256
MEDUCA135,10/15/2021 18:50,10/15/2021 19:50,0,0,0
MEDUCA136,10/15/2021 18:50,10/15/2021 19:50,60,504792720,3199211376
MEDUCA137,10/15/2021 18:50,10/15/2021 19:50,0,0,0
MEDUCA140,10/15/2021 18:50,10/15/2021 19:50,0,0,0
MEDUCA142,10/15/2021 18:50,10/15/2021 19:50,35,24960,25440
MEDUCA145,10/15/2021 18:50,10/15/2021 19:50,33,24960,25440
MEDUCA146,10/15/2021 18:50,10/15/2021 19:50,60,37746568,266988400
MEDUCA147,10/15/2021 18:50,10/15/2021 19:50,38,24960,25440
MEDUCA149,10/15/2021 18:50,10/15/2021 19:50,47,24960,122720
MEDUCA150,10/15/2021 18:50,10/15/2021 19:50,52,232928,143072
MEDUCA151,10/15/2021 18:50,10/15/2021 19:50,60,192288,224128
MEDUCA152,10/15/2021 18:50,10/15/2021 19:50,0,0,0
MEDUCA153,10/15/2021 18:50,10/15/2021 19:50,0,0,0
MEDUCA154,10/15/2021 18:50,10/15/2021 19:50,60,121025864,3366930624
MEDUCA155,10/15/2021 18:50,10/15/2021 19:50,0,0,0
MEDUCA156,10/15/2021 18:50,10/15/2021 19:50,45,1125120,1121360
MEDUCA157,10/15/2021 18:50,10/15/2021 19:50,0,0,0
MEDUCA158,10/15/2021 18:50,10/15/2021 19:50,60,352896,109952
MEDUCA159,10/15/2021 18:50,10/15/2021 19:50,0,0,0
MEDUCA160,10/15/2021 18:50,10/15/2021 19:50,0,0,0
MEDUCA161,10/15/2021 18:50,10/15/2021 19:50,0,0,0
MEDUCA162,10/15/2021 18:50,10/15/2021 19:50,60,810770744,3675944744
MEDUCA163,10/15/2021 18:50,10/15/2021 19:50,59,5526712,110129920
MEDUCA164,10/15/2021 18:50,10/15/2021 19:50,60,25473624,371723152
MEDUCA165,10/15/2021 18:50,10/15/2021 19:50,60,83675720,851745392
MEDUCA166,10/15/2021 18:50,10/15/2021 19:50,52,14333216,349258776
MEDUCA167,10/15/2021 18:50,10/15/2021 19:50,0,0,0
MEDUCA168,10/15/2021 18:50,10/15/2021 19:50,0,0,0
MEDUCA169,10/15/2021 18:50,10/15/2021 19:50,55,150898960,23078976
MEDUCA170,10/15/2021 18:50,10/15/2021 19:50,0,0,0
MEDUCA172,10/15/2021 18:50,10/15/2021 19:50,60,821888,191936
MEDUCA173,10/15/2021 18:50,10/15/2021 19:50,0,0,0
MEDUCA174,10/15/2021 18:50,10/15/2021 19:50,0,0,0
MEDUCA175,10/15/2021 18:50,10/15/2021 19:50,0,0,0
MEDUCA176,10/15/2021 18:50,10/15/2021 19:50,0,0,0
MEDUCA177,10/15/2021 18:50,10/15/2021 19:50,0,0,0
MEDUCA179,10/15/2021 18:50,10/15/2021 19:50,0,0,0
MEDUCA180,10/15/2021 18:50,10/15/2021 19:50,0,0,0
MEDUCA181,10/15/2021 18:50,10/15/2021 19:50,0,0,0
MEDUCA182,10/15/2021 18:50,10/15/2021 19:50,0,0,0
MEDUCA184,10/15/2021 18:50,10/15/2021 19:50,0,0,0
MEDUCA185,10/15/2021 18:50,10/15/2021 19:50,0,0,0
MEDUCA190,10/15/2021 18:50,10/15/2021 19:50,0,0,0
MEDUCA191,10/15/2021 18:50,10/15/2021 19:50,48,7740728,89269712
MEDUCA192,10/15/2021 18:50,10/15/2021 19:50,0,0,0
MEDUCA193,10/15/2021 18:50,10/15/2021 19:50,0,0,0
MEDUCA195,10/15/2021 18:50,10/15/2021 19:50,60,330313120,4494564752
MEDUCA196,10/15/2021 18:50,10/15/2021 19:50,60,535712,701096
MEDUCA197,10/15/2021 18:50,10/15/2021 19:50,60,76719832,3357631088
MEDUCA198,10/15/2021 18:50,10/15/2021 19:50,0,0,0
MEDUCA199,10/15/2021 18:50,10/15/2021 19:50,22,30240,34312
MEDUCA202,10/15/2021 18:50,10/15/2021 19:50,46,35968,27504
MEDUCA204,10/15/2021 18:50,10/15/2021 19:50,45,2371608,15921072
MEDUCA205,10/15/2021 18:50,10/15/2021 19:50,0,0,0
MEDUCA207,10/15/2021 18:50,10/15/2021 19:50,0,0,0
MEDUCA208,10/15/2021 18:50,10/15/2021 19:50,45,29120,29680
MEDUCA209,10/15/2021 18:50,10/15/2021 19:50,36,28000,26048
MEDUCA210,10/15/2021 18:50,10/15/2021 19:50,0,0,0
MEDUCA213,10/15/2021 18:50,10/15/2021 19:50,60,270721056,4784380128
MEDUCA217,10/15/2021 18:50,10/15/2021 19:50,23,9988848,186239440
MEDUCA219,10/15/2021 18:50,10/15/2021 19:50,0,0,0
MEDUCA220,10/15/2021 18:50,10/15/2021 19:50,38,24960,25440
MEDUCA222,10/15/2021 18:50,10/15/2021 19:50,0,0,0
MEDUCA223,10/15/2021 18:50,10/15/2021 19:50,0,0,0
MEDUCA224,10/15/2021 18:50,10/15/2021 19:50,48,25792,26288
MEDUCA225,10/15/2021 18:50,10/15/2021 19:50,0,0,0
MEDUCA226,10/15/2021 18:50,10/15/2021 19:50,60,131169848,2981492368
MEDUCA227,10/15/2021 18:50,10/15/2021 19:50,54,74168032,3472790704
MEDUCA229,10/15/2021 18:50,10/15/2021 19:50,59,244121616,2223827720
MEDUCA230,10/15/2021 18:50,10/15/2021 19:50,0,0,0
MEDUCA231,10/15/2021 18:50,10/15/2021 19:50,0,0,0
MEDUCA232,10/15/2021 18:50,10/15/2021 19:50,0,0,0
MEDUCA233,10/15/2021 18:50,10/15/2021 19:50,0,0,0
MEDUCA234,10/15/2021 18:50,10/15/2021 19:50,41,24960,25440
MEDUCA235,10/15/2021 18:50,10/15/2021 19:50,0,0,0
MEDUCA236,10/15/2021 18:50,10/15/2021 19:50,60,2936368,303888
MEDUCA237,10/15/2021 18:50,10/15/2021 19:50,0,0,0
MEDUCA238,10/15/2021 18:50,10/15/2021 19:50,0,0,0
MEDUCA239,10/15/2021 18:50,10/15/2021 19:50,0,0,0
MEDUCA240,10/15/2021 18:50,10/15/2021 19:50,0,0,0
MEDUCA242,10/15/2021 18:50,10/15/2021 19:50,0,0,0
MEDUCA243,10/15/2021 18:50,10/15/2021 19:50,60,146013536,15254656
MEDUCA244,10/15/2021 18:50,10/15/2021 19:50,0,0,0
MEDUCA245,10/15/2021 18:50,10/15/2021 19:50,0,0,0
MEDUCA247,10/15/2021 18:50,10/15/2021 19:50,0,0,0
MEDUCA248,10/15/2021 18:50,10/15/2021 19:50,0,0,0
MEDUCA249,10/15/2021 18:50,10/15/2021 19:50,0,0,0
MEDUCA250,10/15/2021 18:50,10/15/2021 19:50,0,0,0
MEDUCA251,10/15/2021 18:50,10/15/2021 19:50,0,0,0
MEDUCA252,10/15/2021 18:50,10/15/2021 19:50,0,0,0
MEDUCA253,10/15/2021 18:50,10/15/2021 19:50,0,0,0
MEDUCA255,10/15/2021 18:50,10/15/2021 19:50,0,0,0
MEDUCA256,10/15/2021 18:50,10/15/2021 19:50,57,6695336,56961160
MEDUCA257,10/15/2021 18:50,10/15/2021 19:50,0,0,0
MEDUCA258,10/15/2021 18:50,10/15/2021 19:50,0,0,0
MEDUCA259,10/15/2021 18:50,10/15/2021 19:50,60,535264,866640
MEDUCA260,10/15/2021 18:50,10/15/2021 19:50,0,0,0
MEDUCA261,10/15/2021 18:50,10/15/2021 19:50,0,0,0
MEDUCA262,10/15/2021 18:50,10/15/2021 19:50,0,0,0
MEDUCA264,10/15/2021 18:50,10/15/2021 19:50,0,0,0
MEDUCA265,10/15/2021 18:50,10/15/2021 19:50,0,0,0
MEDUCA266,10/15/2021 18:50,10/15/2021 19:50,0,0,0
MEDUCA267,10/15/2021 18:50,10/15/2021 19:50,36,24960,25440
MEDUCA268,10/15/2021 18:50,10/15/2021 19:50,0,0,0
MEDUCA269,10/15/2021 18:50,10/15/2021 19:50,60,300860496,2131204184
MEDUCA270,10/15/2021 18:50,10/15/2021 19:50,60,34249272,496328744
MEDUCA272,10/15/2021 18:50,10/15/2021 19:50,0,0,0
MEDUCA277,10/15/2021 18:50,10/15/2021 19:50,0,0,0
MEDUCA282,10/15/2021 18:50,10/15/2021 19:50,0,0,0
MEDUCA283,10/15/2021 18:50,10/15/2021 19:50,0,0,0
MEDUCA284,10/15/2021 18:50,10/15/2021 19:50,36,24960,25440
MEDUCA285,10/15/2021 18:50,10/15/2021 19:50,0,0,0
MEDUCA286,10/15/2021 18:50,10/15/2021 19:50,54,1021680,6934400
MEDUCA287,10/15/2021 18:50,10/15/2021 19:50,0,0,0
MEDUCA289,10/15/2021 18:50,10/15/2021 19:50,0,0,0
MEDUCA292,10/15/2021 18:50,10/15/2021 19:50,60,861088,1466456
MEDUCA293,10/15/2021 18:50,10/15/2021 19:50,0,0,0
MEDUCA294,10/15/2021 18:50,10/15/2021 19:50,0,0,0
MEDUCA295,10/15/2021 18:50,10/15/2021 19:50,60,146716904,1368174640
MEDUCA296,10/15/2021 18:50,10/15/2021 19:50,0,0,0
MEDUCA297,10/15/2021 18:50,10/15/2021 19:50,40,24960,25440
MEDUCA298,10/15/2021 18:50,10/15/2021 19:50,60,24867968,53258488
MEDUCA299,10/15/2021 18:50,10/15/2021 19:50,0,0,0
MEDUCA300,10/15/2021 18:50,10/15/2021 19:50,22,52133080,379723136
MEDUCA301,10/15/2021 18:50,10/15/2021 19:50,0,0,0
MEDUCA302,10/15/2021 18:50,10/15/2021 19:50,0,0,0
MEDUCA303,10/15/2021 18:50,10/15/2021 19:50,0,0,0
MEDUCA304,10/15/2021 18:50,10/15/2021 19:50,0,0,0
MEDUCA305,10/15/2021 18:50,10/15/2021 19:50,0,0,0
MEDUCA306,10/15/2021 18:50,10/15/2021 19:50,51,31845704,705782136
MEDUCA307,10/15/2021 18:50,10/15/2021 19:50,53,2547920,57205816
MEDUCA309,10/15/2021 18:50,10/15/2021 19:50,0,0,0
MEDUCA311,10/15/2021 18:50,10/15/2021 19:50,60,529106560,540185680
MEDUCA312,10/15/2021 18:50,10/15/2021 19:50,35,24960,25440
MEDUCA313,10/15/2021 18:50,10/15/2021 19:50,0,0,0
MEDUCA314,10/15/2021 18:50,10/15/2021 19:50,0,0,0
MEDUCA315,10/15/2021 18:50,10/15/2021 19:50,0,0,0
MEDUCA316,10/15/2021 18:50,10/15/2021 19:50,36,85952,112488
MEDUCA317,10/15/2021 18:50,10/15/2021 19:50,0,0,0
MEDUCA318,10/15/2021 18:50,10/15/2021 19:50,0,0,0
MEDUCA319,10/15/2021 18:50,10/15/2021 19:50,0,0,0
MEDUCA320,10/15/2021 18:50,10/15/2021 19:50,40,24960,25440
MEDUCA321,10/15/2021 18:50,10/15/2021 19:50,0,0,0
MEDUCA322,10/15/2021 18:50,10/15/2021 19:50,36,35744,26656
MEDUCA324,10/15/2021 18:50,10/15/2021 19:50,0,0,0
MEDUCA325,10/15/2021 18:50,10/15/2021 19:50,35,33696,26048
MEDUCA326,10/15/2021 18:50,10/15/2021 19:50,0,0,0
MEDUCA327,10/15/2021 18:50,10/15/2021 19:50,0,0,0
MEDUCA328,10/15/2021 18:50,10/15/2021 19:50,0,0,0
MEDUCA330,10/15/2021 18:50,10/15/2021 19:50,0,0,0
MEDUCA331,10/15/2021 18:50,10/15/2021 19:50,0,0,0
MEDUCA332,10/15/2021 18:50,10/15/2021 19:50,0,0,0
MEDUCA333,10/15/2021 18:50,10/15/2021 19:50,60,760400,1132904
MEDUCA334,10/15/2021 18:50,10/15/2021 19:50,0,0,0
MEDUCA335,10/15/2021 18:50,10/15/2021 19:50,60,990720,244704
MEDUCA337,10/15/2021 18:50,10/15/2021 19:50,0,0,0
MEDUCA341,10/15/2021 18:50,10/15/2021 19:50,0,0,0
MEDUCA342,10/15/2021 18:50,10/15/2021 19:50,0,0,0
MEDUCA343,10/15/2021 18:50,10/15/2021 19:50,0,0,0
MEDUCA344,10/15/2021 18:50,10/15/2021 19:50,0,0,0
MEDUCA345,10/15/2021 18:50,10/15/2021 19:50,29,264072,421560
MEDUCA346,10/15/2021 18:50,10/15/2021 19:50,0,0,0
MEDUCA347,10/15/2021 18:50,10/15/2021 19:50,60,3531520,1100232
MEDUCA348,10/15/2021 18:50,10/15/2021 19:50,15,21920,31576
MEDUCA350,10/15/2021 18:50,10/15/2021 19:50,60,275768688,2641017112
MEDUCA351,10/15/2021 18:50,10/15/2021 19:50,0,0,0
MEDUCA352,10/15/2021 18:50,10/15/2021 19:50,0,0,0
MEDUCA353,10/15/2021 18:50,10/15/2021 19:50,0,0,0
MEDUCA354,10/15/2021 18:50,10/15/2021 19:50,42,25568,26048
MEDUCA355,10/15/2021 18:50,10/15/2021 19:50,47,39360,51816
MEDUCA356,10/15/2021 18:50,10/15/2021 19:50,0,0,0
MEDUCA357,10/15/2021 18:50,10/15/2021 19:50,0,0,0
MEDUCA358,10/15/2021 18:50,10/15/2021 19:50,0,0,0
MEDUCA359,10/15/2021 18:50,10/15/2021 19:50,58,36121696,1455549088
MEDUCA360,10/15/2021 18:50,10/15/2021 19:50,17,7537416,390719696
MEDUCA366,10/15/2021 18:50,10/15/2021 19:50,14,81088,156344
MEDUCA371,10/15/2021 18:50,10/15/2021 19:50,35,35232,45776
MEDUCA372,10/15/2021 18:50,10/15/2021 19:50,0,0,0
MEDUCA374,10/15/2021 18:50,10/15/2021 19:50,0,0,0
MEDUCA376,10/15/2021 18:50,10/15/2021 19:50,0,0,0
MEDUCA377,10/15/2021 18:50,10/15/2021 19:50,0,0,0
MEDUCA378,10/15/2021 18:50,10/15/2021 19:50,0,0,0
MEDUCA379,10/15/2021 18:50,10/15/2021 19:50,0,0,0
MEDUCA380,10/15/2021 18:50,10/15/2021 19:50,0,0,0
MEDUCA381,10/15/2021 18:50,10/15/2021 19:50,37,24960,25440
MEDUCA384,10/15/2021 18:50,10/15/2021 19:50,0,0,0
MEDUCA385,10/15/2021 18:50,10/15/2021 19:50,47,1519528,23835728
MEDUCA386,10/15/2021 18:50,10/15/2021 19:50,0,0,0
MEDUCA387,10/15/2021 18:50,10/15/2021 19:50,0,0,0
MEDUCA388,10/15/2021 18:50,10/15/2021 19:50,46,955048,507760
MEDUCA389,10/15/2021 18:50,10/15/2021 19:50,23,1880152,70510744
MEDUCA391,10/15/2021 18:50,10/15/2021 19:50,55,317413144,4579661736
MEDUCA392,10/15/2021 18:50,10/15/2021 19:50,33,24960,25440
MEDUCA393,10/15/2021 18:50,10/15/2021 19:50,60,17264840,30992784
MEDUCA394,10/15/2021 18:50,10/15/2021 19:50,0,0,0
MEDUCA398,10/15/2021 18:50,10/15/2021 19:50,0,0,0
MEDUCA399,10/15/2021 18:50,10/15/2021 19:50,0,0,0
MEDUCA404,10/15/2021 18:50,10/15/2021 19:50,0,0,0
MEDUCA410,10/15/2021 18:50,10/15/2021 19:50,0,0,0
MEDUCA411,10/15/2021 18:50,10/15/2021 19:50,40,24960,25440
MEDUCA412,10/15/2021 18:50,10/15/2021 19:50,0,0,0
MEDUCA414,10/15/2021 18:50,10/15/2021 19:50,60,624768,107528
MEDUCA415,10/15/2021 18:50,10/15/2021 19:50,0,0,0
MEDUCA416,10/15/2021 18:50,10/15/2021 19:50,52,12574000,50278920
MEDUCA417,10/15/2021 18:50,10/15/2021 19:50,59,22907752,1225301464
MEDUCA418,10/15/2021 18:50,10/15/2021 19:50,30,56672,98560
MEDUCA419,10/15/2021 18:50,10/15/2021 19:50,0,0,0
MEDUCA420,10/15/2021 18:50,10/15/2021 19:50,0,0,0
MEDUCA421,10/15/2021 18:50,10/15/2021 19:50,0,0,0
MEDUCA422,10/15/2021 18:50,10/15/2021 19:50,0,0,0
MEDUCA423,10/15/2021 18:50,10/15/2021 19:50,0,0,0
MEDUCA424,10/15/2021 18:50,10/15/2021 19:50,0,0,0
MEDUCA425,10/15/2021 18:50,10/15/2021 19:50,0,0,0
MEDUCA426,10/15/2021 18:50,10/15/2021 19:50,42,24960,25440
MEDUCA427,10/15/2021 18:50,10/15/2021 19:50,0,0,0
MEDUCA428,10/15/2021 18:50,10/15/2021 19:50,0,0,0
MEDUCA432,10/15/2021 18:50,10/15/2021 19:50,0,0,0
MEDUCA433,10/15/2021 18:50,10/15/2021 19:50,0,0,0
MEDUCA434,10/15/2021 18:50,10/15/2021 19:50,0,0,0
MEDUCA435,10/15/2021 18:50,10/15/2021 19:50,0,0,0
MEDUCA436,10/15/2021 18:50,10/15/2021 19:50,0,0,0
MEDUCA437,10/15/2021 18:50,10/15/2021 19:50,0,0,0
MEDUCA438,10/15/2021 18:50,10/15/2021 19:50,0,0,0
MEDUCA439,10/15/2021 18:50,10/15/2021 19:50,0,0,0
MEDUCA440,10/15/2021 18:50,10/15/2021 19:50,0,0,0
MEDUCA441,10/15/2021 18:50,10/15/2021 19:50,0,0,0
MEDUCA442,10/15/2021 18:50,10/15/2021 19:50,0,0,0
MEDUCA443,10/15/2021 18:50,10/15/2021 19:50,60,90848,90736
MEDUCA444,10/15/2021 18:50,10/15/2021 19:50,0,0,0
MEDUCA445,10/15/2021 18:50,10/15/2021 19:50,0,0,0
MEDUCA446,10/15/2021 18:50,10/15/2021 19:50,0,0,0
MEDUCA447,10/15/2021 18:50,10/15/2021 19:50,0,0,0
MEDUCA449,10/15/2021 18:50,10/15/2021 19:50,21,112960,223584
MEDUCA450,10/15/2021 18:50,10/15/2021 19:50,0,0,0
MEDUCA451,10/15/2021 18:50,10/15/2021 19:50,0,0,0
MEDUCA452,10/15/2021 18:50,10/15/2021 19:50,0,0,0
MEDUCA453,10/15/2021 18:50,10/15/2021 19:50,0,0,0
MEDUCA454,10/15/2021 18:50,10/15/2021 19:50,0,0,0
MEDUCA455,10/15/2021 18:50,10/15/2021 19:50,0,0,0
MEDUCA460,10/15/2021 18:50,10/15/2021 19:50,0,0,0
MEDUCA462,10/15/2021 18:50,10/15/2021 19:50,0,0,0
MEDUCA464,10/15/2021 18:50,10/15/2021 19:50,38,24960,25440
MEDUCA465,10/15/2021 18:50,10/15/2021 19:50,60,285920,273504
MEDUCA469,10/15/2021 18:50,10/15/2021 19:50,0,0,0
MEDUCA471,10/15/2021 18:50,10/15/2021 19:50,35,24960,25440
MEDUCA473,10/15/2021 18:50,10/15/2021 19:50,60,382670432,1677816816
MEDUCA474,10/15/2021 18:50,10/15/2021 19:50,60,330904152,3533638600
MEDUCA475,10/15/2021 18:50,10/15/2021 19:50,0,0,0
MEDUCA476,10/15/2021 18:50,10/15/2021 19:50,0,0,0
MEDUCA477,10/15/2021 18:50,10/15/2021 19:50,60,530976,531456
MEDUCA479,10/15/2021 18:50,10/15/2021 19:50,0,0,0
MEDUCA480,10/15/2021 18:50,10/15/2021 19:50,0,0,0
MEDUCA482,10/15/2021 18:50,10/15/2021 19:50,0,0,0
MEDUCA483,10/15/2021 18:50,10/15/2021 19:50,0,0,0
MEDUCA484,10/15/2021 18:50,10/15/2021 19:50,0,0,0
MEDUCA485,10/15/2021 18:50,10/15/2021 19:50,0,0,0
MEDUCA486,10/15/2021 18:50,10/15/2021 19:50,60,85760,86240
MEDUCA487,10/15/2021 18:50,10/15/2021 19:50,0,0,0
MEDUCA489,10/15/2021 18:50,10/15/2021 19:50,0,0,0
MEDUCA490,10/15/2021 18:50,10/15/2021 19:50,0,0,0
MEDUCA491,10/15/2021 18:50,10/15/2021 19:50,0,0,0
MEDUCA492,10/15/2021 18:50,10/15/2021 19:50,0,0,0
MEDUCA493,10/15/2021 18:50,10/15/2021 19:50,32,37136,67472
MEDUCA494,10/15/2021 18:50,10/15/2021 19:50,0,0,0
MEDUCA495,10/15/2021 18:50,10/15/2021 19:50,0,0,0
MEDUCA496,10/15/2021 18:50,10/15/2021 19:50,0,0,0
MEDUCA497,10/15/2021 18:50,10/15/2021 19:50,0,0,0
MEDUCA498,10/15/2021 18:50,10/15/2021 19:50,0,0,0
MEDUCA500,10/15/2021 18:50,10/15/2021 19:50,23,230720,281272
MEDUCA501,10/15/2021 18:50,10/15/2021 19:50,0,0,0
MEDUCA502,10/15/2021 18:50,10/15/2021 19:50,0,0,0
MEDUCA503,10/15/2021 18:50,10/15/2021 19:50,60,207364904,4809840352
MEDUCA504,10/15/2021 18:50,10/15/2021 19:50,0,0,0
MEDUCA505,10/15/2021 18:50,10/15/2021 19:50,0,0,0
MEDUCA506,10/15/2021 18:50,10/15/2021 19:50,0,0,0
MEDUCA507,10/15/2021 18:50,10/15/2021 19:50,0,0,0
MEDUCA509,10/15/2021 18:50,10/15/2021 19:50,0,0,0
MEDUCA510,10/15/2021 18:50,10/15/2021 19:50,0,0,0
MEDUCA516,10/15/2021 18:50,10/15/2021 19:50,41,24960,25440
MEDUCA517,10/15/2021 18:50,10/15/2021 19:50,28,12865528,41509512
MEDUCA518,10/15/2021 18:50,10/15/2021 19:50,60,87422752,4446579960
MEDUCA519,10/15/2021 18:50,10/15/2021 19:50,0,0,0
MEDUCA520,10/15/2021 18:50,10/15/2021 19:50,0,0,0
MEDUCA521,10/15/2021 18:50,10/15/2021 19:50,0,0,0
MEDUCA522,10/15/2021 18:50,10/15/2021 19:50,0,0,0
MEDUCA523,10/15/2021 18:50,10/15/2021 19:50,0,0,0
MEDUCA525,10/15/2021 18:50,10/15/2021 19:50,60,20083200,678396464
MEDUCA526,10/15/2021 18:50,10/15/2021 19:50,0,0,0
MEDUCA527,10/15/2021 18:50,10/15/2021 19:50,0,0,0
MEDUCA528,10/15/2021 18:50,10/15/2021 19:50,60,141063144,1978835784
MEDUCA534,10/15/2021 18:50,10/15/2021 19:50,0,0,0
MEDUCA535,10/15/2021 18:50,10/15/2021 19:50,60,23167312,854617360
MEDUCA536,10/15/2021 18:50,10/15/2021 19:50,0,0,0
MEDUCA537,10/15/2021 18:50,10/15/2021 19:50,60,357416208,2748865432
MEDUCA538,10/15/2021 18:50,10/15/2021 19:50,45,9569632,48423144
MEDUCA539,10/15/2021 18:50,10/15/2021 19:50,60,375283720,758277776
MEDUCA540,10/15/2021 18:50,10/15/2021 19:50,60,86944,86184
MEDUCA543,10/15/2021 18:50,10/15/2021 19:50,56,79235928,50656104
MEDUCA544,10/15/2021 18:50,10/15/2021 19:50,0,0,0
MEDUCA545,10/15/2021 18:50,10/15/2021 19:50,0,0,0
MEDUCA546,10/15/2021 18:50,10/15/2021 19:50,60,39172328,246003552
MEDUCA547,10/15/2021 18:50,10/15/2021 19:50,0,0,0
MEDUCA549,10/15/2021 18:50,10/15/2021 19:50,0,0,0
MEDUCA550,10/15/2021 18:50,10/15/2021 19:50,0,0,0
MEDUCA552,10/15/2021 18:50,10/15/2021 19:50,0,0,0
MEDUCA553,10/15/2021 18:50,10/15/2021 19:50,0,0,0
MEDUCA555,10/15/2021 18:50,10/15/2021 19:50,60,45323544,1187392480
MEDUCA556,10/15/2021 18:50,10/15/2021 19:50,60,1161896,1537728
MEDUCA557,10/15/2021 18:50,10/15/2021 19:50,0,0,0
MEDUCA558,10/15/2021 18:50,10/15/2021 19:50,60,196362000,596009296
MEDUCA559,10/15/2021 18:50,10/15/2021 19:50,0,0,0
MEDUCA560,10/15/2021 18:50,10/15/2021 19:50,0,0,0
MEDUCA561,10/15/2021 18:50,10/15/2021 19:50,0,0,0
MEDUCA563,10/15/2021 18:50,10/15/2021 19:50,0,0,0
MEDUCA591,10/15/2021 18:50,10/15/2021 19:50,60,303840,292352
MEDUCA592,10/15/2021 18:50,10/15/2021 19:50,0,0,0
MEDUCA594,10/15/2021 18:50,10/15/2021 19:50,39,4470392,180179920
MEDUCA595,10/15/2021 18:50,10/15/2021 19:50,0,0,0
MEDUCA596,10/15/2021 18:50,10/15/2021 19:50,0,0,0
MEDUCA597,10/15/2021 18:50,10/15/2021 19:50,0,0,0
MEDUCA598,10/15/2021 18:50,10/15/2021 19:50,40,89104,82624
MEDUCA599,10/15/2021 18:50,10/15/2021 19:50,60,1377608,124523888
MEDUCA600,10/15/2021 18:50,10/15/2021 19:50,0,0,0
MEDUCA601,10/15/2021 18:50,10/15/2021 19:50,0,0,0
MEDUCA602,10/15/2021 18:50,10/15/2021 19:50,0,0,0
MEDUCA603,10/15/2021 18:50,10/15/2021 19:50,0,0,0
MEDUCA604,10/15/2021 18:50,10/15/2021 19:50,0,0,0
MEDUCA605,10/15/2021 18:50,10/15/2021 19:50,0,0,0
MEDUCA606,10/15/2021 18:50,10/15/2021 19:50,0,0,0
MEDUCA607,10/15/2021 18:50,10/15/2021 19:50,0,0,0
MEDUCA608,10/15/2021 18:50,10/15/2021 19:50,0,0,0
MEDUCA609,10/15/2021 18:50,10/15/2021 19:50,0,0,0
MEDUCA610,10/15/2021 18:50,10/15/2021 19:50,0,0,0
MEDUCA611,10/15/2021 18:50,10/15/2021 19:50,0,0,0
MEDUCA612,10/15/2021 18:50,10/15/2021 19:50,0,0,0
MEDUCA636,10/15/2021 18:50,10/15/2021 19:50,0,0,0
MEDUCA641,10/15/2021 18:50,10/15/2021 19:50,0,0,0
MEDUCA643,10/15/2021 18:50,10/15/2021 19:50,0,0,0
MEDUCA644,10/15/2021 18:50,10/15/2021 19:50,0,0,0
MEDUCA646,10/15/2021 18:50,10/15/2021 19:50,51,289824,171112
MEDUCA647,10/15/2021 18:50,10/15/2021 19:50,0,0,0
MEDUCA648,10/15/2021 18:50,10/15/2021 19:50,0,0,0
MEDUCA649,10/15/2021 18:50,10/15/2021 19:50,0,0,0
MEDUCA650,10/15/2021 18:50,10/15/2021 19:50,0,0,0
MEDUCA651,10/15/2021 18:50,10/15/2021 19:50,0,0,0
MEDUCA652,10/15/2021 18:50,10/15/2021 19:50,58,80896,81368
MEDUCA653,10/15/2021 18:50,10/15/2021 19:50,0,0,0
MEDUCA654,10/15/2021 18:50,10/15/2021 19:50,0,0,0
MEDUCA655,10/15/2021 18:50,10/15/2021 19:50,0,0,0
MEDUCA660,10/15/2021 18:50,10/15/2021 19:50,0,0,0
MEDUCA661,10/15/2021 18:50,10/15/2021 19:50,0,0,0
MEDUCA662,10/15/2021 18:50,10/15/2021 19:50,0,0,0
MEDUCA664,10/15/2021 18:50,10/15/2021 19:50,60,287232,276664
MEDUCA665,10/15/2021 18:50,10/15/2021 19:50,0,0,0
MEDUCA666,10/15/2021 18:50,10/15/2021 19:50,0,0,0
MEDUCA667,10/15/2021 18:50,10/15/2021 19:50,60,205994704,2571699072
MEDUCA668,10/15/2021 18:50,10/15/2021 19:50,60,86368,86848
MEDUCA669,10/15/2021 18:50,10/15/2021 19:50,0,0,0
MEDUCA671,10/15/2021 18:50,10/15/2021 19:50,0,0,0
MEDUCA672,10/15/2021 18:50,10/15/2021 19:50,0,0,0
MEDUCA673,10/15/2021 18:50,10/15/2021 19:50,0,0,0
MEDUCA674,10/15/2021 18:50,10/15/2021 19:50,60,52102128,3852683680
MEDUCA675,10/15/2021 18:50,10/15/2021 19:50,0,0,0
MEDUCA676,10/15/2021 18:50,10/15/2021 19:50,0,0,0
MEDUCA678,10/15/2021 18:50,10/15/2021 19:50,12,3600744,41754152
MEDUCA679,10/15/2021 18:50,10/15/2021 19:50,0,0,0
MEDUCA680,10/15/2021 18:50,10/15/2021 19:50,0,0,0
MEDUCA681,10/15/2021 18:50,10/15/2021 19:50,0,0,0
MEDUCA682,10/15/2021 18:50,10/15/2021 19:50,0,0,0
MEDUCA684,10/15/2021 18:50,10/15/2021 19:50,0,0,0
MEDUCA686,10/15/2021 18:50,10/15/2021 19:50,0,0,0
MEDUCA687,10/15/2021 18:50,10/15/2021 19:50,0,0,0
MEDUCA688,10/15/2021 18:50,10/15/2021 19:50,0,0,0
MEDUCA689,10/15/2021 18:50,10/15/2021 19:50,0,0,0
MEDUCA690,10/15/2021 18:50,10/15/2021 19:50,0,0,0
MEDUCA691,10/15/2021 18:50,10/15/2021 19:50,0,0,0
MEDUCA693,10/15/2021 18:50,10/15/2021 19:50,0,0,0
MEDUCA695,10/15/2021 18:50,10/15/2021 19:50,26,285624,367376
MEDUCA696,10/15/2021 18:50,10/15/2021 19:50,0,0,0
MEDUCA697,10/15/2021 18:50,10/15/2021 19:50,0,0,0
MEDUCA698,10/15/2021 18:50,10/15/2021 19:50,0,0,0
MEDUCA699,10/15/2021 18:50,10/15/2021 19:50,0,0,0
MEDUCA700,10/15/2021 18:50,10/15/2021 19:50,12,2149320,14262720
MEDUCA702,10/15/2021 18:50,10/15/2021 19:50,0,0,0
MEDUCA703,10/15/2021 18:50,10/15/2021 19:50,0,0,0
MEDUCA704,10/15/2021 18:50,10/15/2021 19:50,0,0,0
MEDUCA705,10/15/2021 18:50,10/15/2021 19:50,0,0,0
MEDUCA706,10/15/2021 18:50,10/15/2021 19:50,60,461681872,3267473792
MEDUCA707,10/15/2021 18:50,10/15/2021 19:50,0,0,0
MEDUCA708,10/15/2021 18:50,10/15/2021 19:50,0,0,0
MEDUCA709,10/15/2021 18:50,10/15/2021 19:50,0,0,0
MEDUCA710,10/15/2021 18:50,10/15/2021 19:50,0,0,0
MEDUCA711,10/15/2021 18:50,10/15/2021 19:50,60,346048,164304
MEDUCA712,10/15/2021 18:50,10/15/2021 19:50,0,0,0
MEDUCA713,10/15/2021 18:50,10/15/2021 19:50,0,0,0
MEDUCA714,10/15/2021 18:50,10/15/2021 19:50,0,0,0
MEDUCA715,10/15/2021 18:50,10/15/2021 19:50,0,0,0
MEDUCA716,10/15/2021 18:50,10/15/2021 19:50,0,0,0
MEDUCA718,10/15/2021 18:50,10/15/2021 19:50,37,24960,25440
MEDUCAcollo,10/15/2021 18:50,10/15/2021 19:50,0,0,0
MEDUCAtest,10/15/2021 18:50,10/15/2021 19:50,0,0,0
MEGN0033,10/15/2021 18:50,10/15/2021 19:50,45,33776,25440
MEGN0034,10/15/2021 18:50,10/15/2021 19:50,0,0,0
NINIDISM00000002V,10/15/2021 18:50,10/15/2021 19:50,60,1932904,1991312
NINIIBW10065349V,10/15/2021 18:50,10/15/2021 19:50,0,0,0
NINIIBW10065350V,10/15/2021 18:50,10/15/2021 19:50,0,0,0
NINIIBW10065351V,10/15/2021 18:50,10/15/2021 19:50,0,0,0
NINIIBW10069847V,10/15/2021 18:50,10/15/2021 19:50,0,0,0
NINIIBW10080825V,10/15/2021 18:50,10/15/2021 19:50,36,24960,25440
NINIIBW10080826V,10/15/2021 18:50,10/15/2021 19:50,0,0,0
PACSS001,10/15/2021 18:50,10/15/2021 19:50,0,0,0
PACW0904,10/15/2021 18:50,10/15/2021 19:50,60,299436664,871064528
PACW0905,10/15/2021 18:50,10/15/2021 19:50,60,12951392,257574632
PACW0906,10/15/2021 18:50,10/15/2021 19:50,0,0,0
PACW0907,10/15/2021 18:50,10/15/2021 19:50,60,190609072,2076177408
PACW0908,10/15/2021 18:50,10/15/2021 19:50,60,377080416,5848266128
PACW0909,10/15/2021 18:50,10/15/2021 19:50,60,236076328,510779720
PACW0910,10/15/2021 18:50,10/15/2021 19:50,60,24367760,10953112
PACW0911,10/15/2021 18:50,10/15/2021 19:50,60,388060112,2522197672
PACW0912,10/15/2021 18:50,10/15/2021 19:50,0,0,0
PACW0913,10/15/2021 18:50,10/15/2021 19:50,37,19945768,107830368
PACW0914,10/15/2021 18:50,10/15/2021 19:50,57,85962960,2749136416
PACW0915,10/15/2021 18:50,10/15/2021 19:50,47,1527008,2119864
PACW0916,10/15/2021 18:50,10/15/2021 19:50,0,0,0
PACW0917,10/15/2021 18:50,10/15/2021 19:50,60,58631472,208504464
PACW0918,10/15/2021 18:50,10/15/2021 19:50,7,144104,400640
PACW0919,10/15/2021 18:50,10/15/2021 19:50,37,87260416,774590328
PACW0920,10/15/2021 18:50,10/15/2021 19:50,60,147894864,1184501328
PACW0921,10/15/2021 18:50,10/15/2021 19:50,53,30763288,348952416
PACW0922,10/15/2021 18:50,10/15/2021 19:50,54,1652656,3901520
PACW0923,10/15/2021 18:50,10/15/2021 19:50,0,0,0
PACW0924,10/15/2021 18:50,10/15/2021 19:50,60,232907224,1535482456
PACW0925,10/15/2021 18:50,10/15/2021 19:50,60,2407200,2344032
PACW0926,10/15/2021 18:50,10/15/2021 19:50,60,102288664,2089760784
PACW0927,10/15/2021 18:50,10/15/2021 19:50,31,2993040,8178096
PACW0928,10/15/2021 18:50,10/15/2021 19:50,60,217566744,105306816
PACW0929,10/15/2021 18:50,10/15/2021 19:50,0,0,0
PACW0930,10/15/2021 18:50,10/15/2021 19:50,60,23141016,8755504
PACW0931,10/15/2021 18:50,10/15/2021 19:50,60,8111040,62804744
PACW0932,10/15/2021 18:50,10/15/2021 19:50,60,29820624,1089360912
PACW0933,10/15/2021 18:50,10/15/2021 19:50,60,127674696,3374226632
PACW0934,10/15/2021 18:50,10/15/2021 19:50,0,0,0
PACW0935,10/15/2021 18:50,10/15/2021 19:50,60,320283800,4184582600
PACW0936,10/15/2021 18:50,10/15/2021 19:50,35,1330392,1501048
PACW0937,10/15/2021 18:50,10/15/2021 19:50,60,249098464,2120398432
PACW0938,10/15/2021 18:50,10/15/2021 19:50,60,341300384,3257009056
PACW0939,10/15/2021 18:50,10/15/2021 19:50,51,187955496,81332728
PACW0940,10/15/2021 18:50,10/15/2021 19:50,60,34769008,525815568
PACW0941,10/15/2021 18:50,10/15/2021 19:50,60,173560096,1811619144
PACW0943,10/15/2021 18:50,10/15/2021 19:50,0,0,0
PACW0944,10/15/2021 18:50,10/15/2021 19:50,0,0,0
PACW0945,10/15/2021 18:50,10/15/2021 19:50,35,237201872,412588792
PACW0946,10/15/2021 18:50,10/15/2021 19:50,60,45357440,1419667504
PACW0947,10/15/2021 18:50,10/15/2021 19:50,0,0,0
PACW0948,10/15/2021 18:50,10/15/2021 19:50,60,271717344,3318628160
PACW0949,10/15/2021 18:50,10/15/2021 19:50,50,23357392,396399456
PACW0950,10/15/2021 18:50,10/15/2021 19:50,58,2014064,2126672
PACW0951,10/15/2021 18:50,10/15/2021 19:50,59,437137144,1120188112
PACW0952,10/15/2021 18:50,10/15/2021 19:50,59,236237776,3370317688
PACW0953,10/15/2021 18:50,10/15/2021 19:50,12,38058424,156473888
PACW0954,10/15/2021 18:50,10/15/2021 19:50,56,9903080,127862072
PACW0955,10/15/2021 18:50,10/15/2021 19:50,0,0,0
PACW0957,10/15/2021 18:50,10/15/2021 19:50,59,17987368,186397560
PACW0959,10/15/2021 18:50,10/15/2021 19:50,0,0,0
PACW0960,10/15/2021 18:50,10/15/2021 19:50,58,30061368,401894440
PACW0961,10/15/2021 18:50,10/15/2021 19:50,27,724184,1498560
PACW0963,10/15/2021 18:50,10/15/2021 19:50,58,4471928,27893904
PACW0964,10/15/2021 18:50,10/15/2021 19:50,60,147381904,252367656
PACW0965,10/15/2021 18:50,10/15/2021 19:50,60,55111488,126595488
PACW0967,10/15/2021 18:50,10/15/2021 19:50,59,3294784,5249808
PACW0968,10/15/2021 18:50,10/15/2021 19:50,57,213684768,1282644552
PACW0969,10/15/2021 18:50,10/15/2021 19:50,60,117802848,2117760832
PACW0970,10/15/2021 18:50,10/15/2021 19:50,60,2339504,2156800
PACW0971,10/15/2021 18:50,10/15/2021 19:50,60,134436664,1033800352
PACW0972,10/15/2021 18:50,10/15/2021 19:50,60,21703032,1607183104
PACW0973,10/15/2021 18:50,10/15/2021 19:50,60,1981264,1862960
PACW0974,10/15/2021 18:50,10/15/2021 19:50,60,374860424,5089107672
PACW0975,10/15/2021 18:50,10/15/2021 19:50,60,298107192,6327896968
PACW0976,10/15/2021 18:50,10/15/2021 19:50,60,256834824,1146366384
PACW0977,10/15/2021 18:50,10/15/2021 19:50,60,6724608,270266008
PACW0978,10/15/2021 18:50,10/15/2021 19:50,27,961312,1039840
PACW0979,10/15/2021 18:50,10/15/2021 19:50,60,488890808,3082851520
PACW0980,10/15/2021 18:50,10/15/2021 19:50,60,2012904,1954992
PACW0981,10/15/2021 18:50,10/15/2021 19:50,60,2908048,5034832
PACW0983,10/15/2021 18:50,10/15/2021 19:50,60,303695136,1011516472
PACW0984,10/15/2021 18:50,10/15/2021 19:50,0,0,0
PACW0985,10/15/2021 18:50,10/15/2021 19:50,0,0,0
PACW0987,10/15/2021 18:50,10/15/2021 19:50,60,392869144,3092085192
PACW0988,10/15/2021 18:50,10/15/2021 19:50,60,530725792,3795523056
PACW0989,10/15/2021 18:50,10/15/2021 19:50,60,103079952,2650536376
PACW0990,10/15/2021 18:50,10/15/2021 19:50,60,281487744,2954583536
PACW0991,10/15/2021 18:50,10/15/2021 19:50,60,305849448,5966375120
PACW0992,10/15/2021 18:50,10/15/2021 19:50,60,453571656,6788163008
PACW0993,10/15/2021 18:50,10/15/2021 19:50,0,0,0
PACW0994,10/15/2021 18:50,10/15/2021 19:50,0,0,0
PACW0995,10/15/2021 18:50,10/15/2021 19:50,0,0,0
PACW0996,10/15/2021 18:50,10/15/2021 19:50,60,74739320,2266138120
PACW0997,10/15/2021 18:50,10/15/2021 19:50,0,0,0
PACWD001,10/15/2021 18:50,10/15/2021 19:50,0,0,0
PADIG001,10/15/2021 18:50,10/15/2021 19:50,60,1395403656,1879051496
PADIG002,10/15/2021 18:50,10/15/2021 19:50,60,996561528,1222735704
PADIG003,10/15/2021 18:50,10/15/2021 19:50,60,2235055568,2927878656
PAEE0002J,10/15/2021 18:50,10/15/2021 19:50,46,24960,25440
PAEE0015J,10/15/2021 18:50,10/15/2021 19:50,48,24960,25440
PAEE0023J,10/15/2021 18:50,10/15/2021 19:50,41,24960,25440
PAEE0028J,10/15/2021 18:50,10/15/2021 19:50,0,0,0
PAEE0164J,10/15/2021 18:50,10/15/2021 19:50,41,24960,25440
PAEE0167J,10/15/2021 18:50,10/15/2021 19:50,41,27536,28600
PAEE0913J,10/15/2021 18:50,10/15/2021 19:50,41,24960,25440
PAELEC001,10/15/2021 18:50,10/15/2021 19:50,0,0,0
PAELEC002,10/15/2021 18:50,10/15/2021 19:50,0,0,0
PAELEC003,10/15/2021 18:50,10/15/2021 19:50,0,0,0
PAELEC004,10/15/2021 18:50,10/15/2021 19:50,0,0,0
PAELEC005,10/15/2021 18:50,10/15/2021 19:50,0,0,0
PAELEC006,10/15/2021 18:50,10/15/2021 19:50,0,0,0
PAELEC007,10/15/2021 18:50,10/15/2021 19:50,0,0,0
PAENT001,10/15/2021 18:50,10/15/2021 19:50,53,17647704,79814760
PAENT002,10/15/2021 18:50,10/15/2021 19:50,16,4379448,4751328
PAENT003,10/15/2021 18:50,10/15/2021 19:50,34,24960,25440
PAENT004,10/15/2021 18:50,10/15/2021 19:50,60,937100656,3427299480
PAENT005,10/15/2021 18:50,10/15/2021 19:50,0,0,0
PAENT007,10/15/2021 18:50,10/15/2021 19:50,0,0,0
PAENT008,10/15/2021 18:50,10/15/2021 19:50,0,0,0
PAENT009,10/15/2021 18:50,10/15/2021 19:50,0,0,0
PAENT010,10/15/2021 18:50,10/15/2021 19:50,59,4799800,5646744
PAENT011,10/15/2021 18:50,10/15/2021 19:50,0,0,0
PAENT012,10/15/2021 18:50,10/15/2021 19:50,0,0,0
PAENT013,10/15/2021 18:50,10/15/2021 19:50,0,0,0
PAENT014,10/15/2021 18:50,10/15/2021 19:50,0,0,0
PAENT015,10/15/2021 18:50,10/15/2021 19:50,0,0,0
PAENT016,10/15/2021 18:50,10/15/2021 19:50,0,0,0
PAENT017,10/15/2021 18:50,10/15/2021 19:50,0,0,0
PAENT018,10/15/2021 18:50,10/15/2021 19:50,0,0,0
PAENT019,10/15/2021 18:50,10/15/2021 19:50,60,4324992,10566552
PAENT020,10/15/2021 18:50,10/15/2021 19:50,60,66986728,7152743792
PAENT021,10/15/2021 18:50,10/15/2021 19:50,60,5107696,22781480
PAENT022,10/15/2021 18:50,10/15/2021 19:50,0,0,0
PAENT023,10/15/2021 18:50,10/15/2021 19:50,0,0,0
PAENT024,10/15/2021 18:50,10/15/2021 19:50,0,0,0
PAENT025,10/15/2021 18:50,10/15/2021 19:50,0,0,0
PAENT027,10/15/2021 18:50,10/15/2021 19:50,60,29252672,4056280
PAENT028,10/15/2021 18:50,10/15/2021 19:50,0,0,0
PAENT029,10/15/2021 18:50,10/15/2021 19:50,60,303328,215744
PAENT030,10/15/2021 18:50,10/15/2021 19:50,0,0,0
PAENT031,10/15/2021 18:50,10/15/2021 19:50,36,22880,23320
PAENT032,10/15/2021 18:50,10/15/2021 19:50,45,12131448,46760384
PAENT033,10/15/2021 18:50,10/15/2021 19:50,0,0,0
PAENT034,10/15/2021 18:50,10/15/2021 19:50,0,0,0
PAENT035,10/15/2021 18:50,10/15/2021 19:50,60,923426096,3641649800
PAENT036,10/15/2021 18:50,10/15/2021 19:50,0,0,0
PAENT037,10/15/2021 18:50,10/15/2021 19:50,60,8260456,148107912
PAENT038,10/15/2021 18:50,10/15/2021 19:50,60,34433840,2295219248
PAENT039,10/15/2021 18:50,10/15/2021 19:50,0,0,0
PAENT040,10/15/2021 18:50,10/15/2021 19:50,0,0,0
PAENT041,10/15/2021 18:50,10/15/2021 19:50,0,0,0
PAENT044,10/15/2021 18:50,10/15/2021 19:50,0,0,0
PAENT045,10/15/2021 18:50,10/15/2021 19:50,46,24960,25440
PAENT047,10/15/2021 18:50,10/15/2021 19:50,60,4185120,65952192
PAENT048,10/15/2021 18:50,10/15/2021 19:50,0,0,0
PAENT049,10/15/2021 18:50,10/15/2021 19:50,0,0,0
PAENT050,10/15/2021 18:50,10/15/2021 19:50,0,0,0
PAENT052,10/15/2021 18:50,10/15/2021 19:50,60,2222000,19527704
PAENT053,10/15/2021 18:50,10/15/2021 19:50,60,13724224,10051424
PAENT054,10/15/2021 18:50,10/15/2021 19:50,60,26199696,44116344
PAENT055,10/15/2021 18:50,10/15/2021 19:50,0,0,0
PAENT056,10/15/2021 18:50,10/15/2021 19:50,0,0,0
PAENT057,10/15/2021 18:50,10/15/2021 19:50,33,24960,25440
PAENT058,10/15/2021 18:50,10/15/2021 19:50,35,24960,25440
PAENT059,10/15/2021 18:50,10/15/2021 19:50,41,24960,25440
PAENT060,10/15/2021 18:50,10/15/2021 19:50,39,24960,25440
PAENT061,10/15/2021 18:50,10/15/2021 19:50,0,0,0
PAENT062,10/15/2021 18:50,10/15/2021 19:50,60,78016,58944
PAENT063,10/15/2021 18:50,10/15/2021 19:50,10,22336,63968
PAENT064,10/15/2021 18:50,10/15/2021 19:50,45,24960,25440
PAENT065,10/15/2021 18:50,10/15/2021 19:50,60,28405096,109702144
PAENT066,10/15/2021 18:50,10/15/2021 19:50,60,439776312,806817280
PAENT067,10/15/2021 18:50,10/15/2021 19:50,0,0,0
PAENT069,10/15/2021 18:50,10/15/2021 19:50,60,2649557472,15422312816
PAENT070,10/15/2021 18:50,10/15/2021 19:50,60,50753336,2634619528
PAENT071,10/15/2021 18:50,10/15/2021 19:50,60,19124176,26243488
PAENT072,10/15/2021 18:50,10/15/2021 19:50,37,25376,26256
PAENT073,10/15/2021 18:50,10/15/2021 19:50,0,0,0
PAENT074,10/15/2021 18:50,10/15/2021 19:50,0,0,0
PAENT077,10/15/2021 18:50,10/15/2021 19:50,60,6629016,13133280
PAENT078,10/15/2021 18:50,10/15/2021 19:50,40,24960,25440
PAENT079,10/15/2021 18:50,10/15/2021 19:50,50,302002040,3436919320
PAENT080,10/15/2021 18:50,10/15/2021 19:50,60,120211240,2644421072
PAENT081,10/15/2021 18:50,10/15/2021 19:50,60,30486280,78821800
PAENT082,10/15/2021 18:50,10/15/2021 19:50,30,16224,23384
PAENT084,10/15/2021 18:50,10/15/2021 19:50,60,416773728,161304032
PAENT085,10/15/2021 18:50,10/15/2021 19:50,60,34188400,1177048840
PAENT086,10/15/2021 18:50,10/15/2021 19:50,60,49147032,864950296
PAENT087,10/15/2021 18:50,10/15/2021 19:50,0,0,0
PAENT088,10/15/2021 18:50,10/15/2021 19:50,0,0,0
PAENT089,10/15/2021 18:50,10/15/2021 19:50,56,158747400,1294347984
PAENT093,10/15/2021 18:50,10/15/2021 19:50,42,33984,35424
PAENT094,10/15/2021 18:50,10/15/2021 19:50,53,17826696,99196440
PAENT095,10/15/2021 18:50,10/15/2021 19:50,60,6902152,12184064
PAENT096,10/15/2021 18:50,10/15/2021 19:50,0,0,0
PAENT097,10/15/2021 18:50,10/15/2021 19:50,0,0,0
PAENT098,10/15/2021 18:50,10/15/2021 19:50,60,1124016,897224
PAENT101,10/15/2021 18:50,10/15/2021 19:50,35,28288,28832
PAENT103,10/15/2021 18:50,10/15/2021 19:50,0,0,0
PAENT104,10/15/2021 18:50,10/15/2021 19:50,60,72330864,1313822720
PAENT105,10/15/2021 18:50,10/15/2021 19:50,37,9394392,54011488
PAENT106,10/15/2021 18:50,10/15/2021 19:50,60,434417496,2294209232
PAENT107,10/15/2021 18:50,10/15/2021 19:50,60,142477624,75002920
PAENT108,10/15/2021 18:50,10/15/2021 19:50,44,25136,25440
PAENT109,10/15/2021 18:50,10/15/2021 19:50,60,64756568,665400824
PAENT110,10/15/2021 18:50,10/15/2021 19:50,47,1229384,3107400
PAENT111,10/15/2021 18:50,10/15/2021 19:50,55,24960,25440
PAENT112,10/15/2021 18:50,10/15/2021 19:50,0,0,0
PAENT113,10/15/2021 18:50,10/15/2021 19:50,60,161399872,2407574288
PAENT114,10/15/2021 18:50,10/15/2021 19:50,60,116314728,5246482240
PAENT115,10/15/2021 18:50,10/15/2021 19:50,0,0,0
PAENT116,10/15/2021 18:50,10/15/2021 19:50,60,280810600,10089487296
PAENT117,10/15/2021 18:50,10/15/2021 19:50,60,43555336,1292178176
PAENT118,10/15/2021 18:50,10/15/2021 19:50,60,213375208,8990293800
PAENT119,10/15/2021 18:50,10/15/2021 19:50,16,7347416,213434536
PAENT120,10/15/2021 18:50,10/15/2021 19:50,60,188123336,2037874536
PAENT122,10/15/2021 18:50,10/15/2021 19:50,60,82964192,2738686896
PAENT123,10/15/2021 18:50,10/15/2021 19:50,29,9596360,812137704
PAENT124,10/15/2021 18:50,10/15/2021 19:50,41,39680,29696
PAENT125,10/15/2021 18:50,10/15/2021 19:50,60,50200264,752201232
PAENT126,10/15/2021 18:50,10/15/2021 19:50,50,39680,29696
PAENT127,10/15/2021 18:50,10/15/2021 19:50,60,513294536,1946213040
PAENT128,10/15/2021 18:50,10/15/2021 19:50,0,0,0
PAENT129,10/15/2021 18:50,10/15/2021 19:50,60,268994112,3157250256
PAENT131,10/15/2021 18:50,10/15/2021 19:50,37,24960,25440
PAENT132,10/15/2021 18:50,10/15/2021 19:50,47,75550248,1075985624
PAENT133,10/15/2021 18:50,10/15/2021 19:50,60,233954248,12440113032
PAENT134,10/15/2021 18:50,10/15/2021 19:50,60,94186312,1931266520
PAENT135,10/15/2021 18:50,10/15/2021 19:50,60,542051704,9954102952
PAENT136,10/15/2021 18:50,10/15/2021 19:50,52,4501720,57045312
PAENT137,10/15/2021 18:50,10/15/2021 19:50,60,31498120,687372456
PAENT138,10/15/2021 18:50,10/15/2021 19:50,0,0,0
PAENT139,10/15/2021 18:50,10/15/2021 19:50,60,210219872,4124011248
PAENT140,10/15/2021 18:50,10/15/2021 19:50,0,0,0
PAENT141,10/15/2021 18:50,10/15/2021 19:50,25,25501272,877302720
PAENT142,10/15/2021 18:50,10/15/2021 19:50,0,0,0
PAENT143,10/15/2021 18:50,10/15/2021 19:50,49,1594984,41451312
PAENT144,10/15/2021 18:50,10/15/2021 19:50,60,268574376,5195081000
PAENT145,10/15/2021 18:50,10/15/2021 19:50,60,501510040,7744314576
PAENT146,10/15/2021 18:50,10/15/2021 19:50,60,104908640,2445728000
PAPACAJ10074665V,10/15/2021 18:50,10/15/2021 19:50,47,1336176,2839248
PAPAIPN10081133V,10/15/2021 18:50,10/15/2021 19:50,0,0,0
PAPALIB10083676V,10/15/2021 18:50,10/15/2021 19:50,0,0,0
PAPALIB10083677V,10/15/2021 18:50,10/15/2021 19:50,60,24960,12325280
RNI01test,10/15/2021 18:50,10/15/2021 19:50,0,0,0
RNILTY001,10/15/2021 18:50,10/15/2021 19:50,61,40059280,890690576
RNILTY002,10/15/2021 18:50,10/15/2021 19:50,60,942320,614720
RNILTY003,10/15/2021 18:50,10/15/2021 19:50,60,930232,604360
RNILTY004,10/15/2021 18:50,10/15/2021 19:50,60,747535456,2859041840
RNILTY005,10/15/2021 18:50,10/15/2021 19:50,60,250651392,1702530016
RNILTY006,10/15/2021 18:50,10/15/2021 19:50,40,25376,210376
RNILTY007,10/15/2021 18:50,10/15/2021 19:50,60,245236512,1588539096
RNILTY008,10/15/2021 18:50,10/15/2021 19:50,61,575923064,1614863264
RNILTY009,10/15/2021 18:50,10/15/2021 19:50,60,694943368,11492913408
RNILTY010,10/15/2021 18:50,10/15/2021 19:50,60,650027840,3727104048
RNILTY011,10/15/2021 18:50,10/15/2021 19:50,60,3225400,965186280
RNILTY012,10/15/2021 18:50,10/15/2021 19:50,61,275586336,1752630656
RNILTY013,10/15/2021 18:50,10/15/2021 19:50,60,413169568,1766145592
RNILTY014,10/15/2021 18:50,10/15/2021 19:50,0,0,0
RNILTY015,10/15/2021 18:50,10/15/2021 19:50,61,136745232,620303392
RNILTY016,10/15/2021 18:50,10/15/2021 19:50,0,0,0
RNILTY017,10/15/2021 18:50,10/15/2021 19:50,61,27293024,622168568
RNILTY018,10/15/2021 18:50,10/15/2021 19:50,0,0,0
RNILTY019,10/15/2021 18:50,10/15/2021 19:50,0,0,0
RNILTY020,10/15/2021 18:50,10/15/2021 19:50,61,438881752,2458417208
RNILTY021,10/15/2021 18:50,10/15/2021 19:50,55,694520848,1548141016
RNILTY022,10/15/2021 18:50,10/15/2021 19:50,61,105287032,1449562600
RNILTYtest,10/15/2021 18:50,10/15/2021 19:50,0,0,0
RNILiberty,10/15/2021 18:50,10/15/2021 19:50,0,0,0
SVCOM0886,10/15/2021 18:50,10/15/2021 19:50,0,0,0
SVCOM0888,10/15/2021 18:50,10/15/2021 19:50,0,0,0
SVDIG001,10/15/2021 18:50,10/15/2021 19:50,45,20093904,5180688
SVGEO103,10/15/2021 18:50,10/15/2021 19:50,0,0,0
SVIBW001,10/15/2021 18:50,10/15/2021 19:50,0,0,0
SVIBW002,10/15/2021 18:50,10/15/2021 19:50,0,0,0
SVIBW003,10/15/2021 18:50,10/15/2021 19:50,0,0,0
SVIBW004,10/15/2021 18:50,10/15/2021 19:50,0,0,0
SVIBW005,10/15/2021 18:50,10/15/2021 19:50,0,0,0
SVNB004,10/15/2021 18:50,10/15/2021 19:50,0,0,0
SVSVGRU10079654V,10/15/2021 18:50,10/15/2021 19:50,0,0,0
TERMINAL03-CUSTA,10/15/2021 18:50,10/15/2021 19:50,0,0,0
UFINET01,10/15/2021 18:50,10/15/2021 19:50,42,24544,25016
UFINET05,10/15/2021 18:50,10/15/2021 19:50,44,201048,25440
UFINET08,10/15/2021 18:50,10/15/2021 19:50,60,27456,12327824
